{"stats":{"minecraft:custom":{"minecraft:jump":51,"minecraft:time_since_rest":5876,"minecraft:crouch_one_cm":41,"minecraft:play_one_minute":5876,"minecraft:sprint_one_cm":10198,"minecraft:time_since_death":5876,"minecraft:walk_one_cm":4917,"minecraft:sneak_time":37,"minecraft:drop":2,"minecraft:fly_one_cm":21518},"minecraft:picked_up":{"minecraft:spruce_log":1},"minecraft:dropped":{"minecraft:spruce_log":2},"minecraft:used":{"minecraft:spruce_leaves":2,"minecraft:spruce_log":1}},"DataVersion":2586}