{"stats":{"minecraft:custom":{"minecraft:time_since_rest":108,"minecraft:damage_taken":3623,"minecraft:sprint_one_cm":55364,"minecraft:walk_one_cm":133533,"minecraft:interact_with_anvil":6,"minecraft:mob_kills":11,"minecraft:drop":28,"minecraft:damage_dealt":8743,"minecraft:swim_one_cm":2349,"minecraft:player_kills":3,"minecraft:fly_one_cm":178264,"minecraft:play_one_minute":59368,"minecraft:crouch_one_cm":958,"minecraft:deaths":13,"minecraft:sneak_time":684,"minecraft:walk_under_water_one_cm":450,"minecraft:jump":399,"minecraft:damage_dealt_resisted":4160,"minecraft:leave_game":1,"minecraft:time_since_death":75,"minecraft:walk_on_water_one_cm":827,"minecraft:damage_resisted":571,"minecraft:fall_one_cm":16649},"minecraft:picked_up":{"jujutsukaisen:sukuna_finger":4,"jujutsukaisen:sword_miwa":1,"jujutsukaisen:jutsu_jogo":1,"jujutsukaisen:jujutsu_book":3,"jujutsukaisen:jutsu_geto":1,"jujutsukaisen:jutsushiki_mahito":1,"jujutsukaisen:jogo_head":4,"jujutsukaisen:itadori_spawn_egg":64,"minecraft:spruce_sapling":2,"minecraft:spruce_log":1,"jujutsukaisen:jutsushiki_gojo":2,"jujutsukaisen:uniform_leggings":1,"minecraft:dirt":92,"jujutsukaisen:blindfold_helmet":1,"jujutsukaisen:makora_wheel_helmet":1,"jujutsukaisen:fushiguro_spawn_egg":1,"jujutsukaisen:jutsushiki_fushiguro":2,"jujutsukaisen:uniform_chestplate":1,"minecraft:cobblestone":19},"minecraft:dropped":{"minecraft:anvil":1,"jujutsukaisen:jutsu_choso":1,"jujutsukaisen:uniform_chestplate":3,"jujutsukaisen:sukuna_finger":1,"jujutsukaisen:makora_wheel_helmet":1,"minecraft:netherite_sword":2,"minecraft:netherite_boots":1,"minecraft:netherite_helmet":1,"minecraft:netherite_chestplate":1,"jujutsukaisen:blindfold_helmet":4,"jujutsukaisen:jujutsu_book":1,"jujutsukaisen:jutsu_geto":1,"minecraft:spruce_log":2,"jujutsukaisen:jogo_head":2,"jujutsukaisen:guiter":1,"minecraft:netherite_leggings":1,"jujutsukaisen:jutsushiki_gojo":1,"jujutsukaisen:uniform_leggings":3},"minecraft:killed":{"jujutsukaisen:jure_10":1,"jujutsukaisen:centipede":1,"minecraft:drowned":1,"jujutsukaisen:jure_6":1,"jujutsukaisen:divine_dog_black":1,"jujutsukaisen:panda_2":1},"minecraft:used":{"jujutsukaisen:sukuna_spawn_egg":6,"minecraft:netherite_sword":19,"jujutsukaisen:mahito_spawn_egg":1,"jujutsukaisen:fushiguro_spawn_egg":2,"jujutsukaisen:sword_miwa":3,"jujutsukaisen:gojo_spawn_egg":3,"jujutsukaisen:kugisaki_spawn_egg":2,"jujutsukaisen:bike_spawn_egg":1,"minecraft:totem_of_undying":1,"jujutsukaisen:slaughter_demon":4,"minecraft:spruce_leaves":2,"jujutsukaisen:hammer":1,"minecraft:anvil":1,"minecraft:bow":1,"jujutsukaisen:max_elephant_spawn_egg":1,"jujutsukaisen:itadori_spawn_egg":2,"jujutsukaisen:sukuna_finger":5,"jujutsukaisen:jure_7_spawn_egg":1,"jujutsukaisen:kechizu_spawn_egg":1,"jujutsukaisen:panda_2_spawn_egg":3,"minecraft:enchanted_golden_apple":1,"minecraft:spruce_log":1,"jujutsukaisen:makora_spawn_egg":1},"minecraft:killed_by":{"minecraft:player":2,"jujutsukaisen:jure_6":2,"jujutsukaisen:nue":1,"jujutsukaisen:hanami":1}},"DataVersion":2586}