{"stats":{"minecraft:custom":{"minecraft:time_since_rest":2950,"minecraft:deaths":2,"minecraft:crouch_one_cm":287,"minecraft:play_one_minute":29368,"minecraft:sprint_one_cm":29225,"minecraft:walk_one_cm":65839,"minecraft:sneak_time":361,"minecraft:mob_kills":5,"minecraft:drop":2,"minecraft:damage_dealt_resisted":1825,"minecraft:jump":218,"minecraft:walk_on_water_one_cm":119,"minecraft:damage_dealt":4309,"minecraft:leave_game":1,"minecraft:time_since_death":2921,"minecraft:fly_one_cm":91014},"minecraft:picked_up":{"jujutsukaisen:sukuna_finger":4,"jujutsukaisen:fushiguro_spawn_egg":1,"jujutsukaisen:itadori_spawn_egg":64,"minecraft:spruce_sapling":2,"jujutsukaisen:jutsushiki_gojo":2,"minecraft:spruce_log":1,"minecraft:dirt":92,"minecraft:cobblestone":19},"minecraft:dropped":{"minecraft:spruce_log":2},"minecraft:killed":{"jujutsukaisen:centipede":1,"jujutsukaisen:panda_2":1},"minecraft:used":{"minecraft:spruce_leaves":2,"jujutsukaisen:hammer":1,"jujutsukaisen:sukuna_spawn_egg":5,"minecraft:netherite_sword":18,"jujutsukaisen:mahito_spawn_egg":1,"jujutsukaisen:fushiguro_spawn_egg":2,"jujutsukaisen:itadori_spawn_egg":2,"jujutsukaisen:sukuna_finger":2,"jujutsukaisen:gojo_spawn_egg":3,"jujutsukaisen:kugisaki_spawn_egg":1,"jujutsukaisen:jure_7_spawn_egg":1,"jujutsukaisen:bike_spawn_egg":1,"jujutsukaisen:kechizu_spawn_egg":1,"jujutsukaisen:panda_2_spawn_egg":1,"jujutsukaisen:slaughter_demon":4,"minecraft:spruce_log":1}},"DataVersion":2586}