{"stats":{"minecraft:custom":{"minecraft:time_since_rest":17368,"minecraft:crouch_one_cm":187,"minecraft:play_one_minute":17368,"minecraft:sprint_one_cm":19892,"minecraft:walk_one_cm":26869,"minecraft:sneak_time":237,"minecraft:mob_kills":2,"minecraft:drop":2,"minecraft:damage_dealt_resisted":804,"minecraft:jump":159,"minecraft:damage_dealt":2786,"minecraft:leave_game":1,"minecraft:time_since_death":17368,"minecraft:fly_one_cm":48060},"minecraft:picked_up":{"minecraft:spruce_log":1},"minecraft:dropped":{"minecraft:spruce_log":2},"minecraft:killed":{"jujutsukaisen:centipede":1,"jujutsukaisen:panda_2":1},"minecraft:used":{"minecraft:spruce_leaves":2,"jujutsukaisen:hammer":1,"minecraft:netherite_sword":18,"jujutsukaisen:itadori_spawn_egg":1,"jujutsukaisen:gojo_spawn_egg":1,"jujutsukaisen:kugisaki_spawn_egg":1,"jujutsukaisen:jure_7_spawn_egg":1,"jujutsukaisen:bike_spawn_egg":1,"jujutsukaisen:panda_2_spawn_egg":1,"jujutsukaisen:slaughter_demon":4,"minecraft:spruce_log":1}},"DataVersion":2586}