{"stats":{"minecraft:custom":{"minecraft:time_since_rest":921,"minecraft:damage_taken":1430,"minecraft:sprint_one_cm":39782,"minecraft:walk_one_cm":89698,"minecraft:mob_kills":6,"minecraft:drop":18,"minecraft:damage_dealt":5849,"minecraft:swim_one_cm":2349,"minecraft:player_kills":3,"minecraft:fly_one_cm":137867,"minecraft:play_one_minute":41368,"minecraft:crouch_one_cm":506,"minecraft:deaths":7,"minecraft:sneak_time":535,"minecraft:walk_under_water_one_cm":450,"minecraft:jump":278,"minecraft:damage_dealt_resisted":1825,"minecraft:leave_game":1,"minecraft:time_since_death":892,"minecraft:walk_on_water_one_cm":432,"minecraft:damage_resisted":335,"minecraft:fall_one_cm":5626},"minecraft:picked_up":{"jujutsukaisen:sukuna_finger":4,"jujutsukaisen:jujutsu_book":1,"jujutsukaisen:jutsushiki_mahito":1,"jujutsukaisen:jogo_head":2,"jujutsukaisen:itadori_spawn_egg":64,"minecraft:spruce_sapling":2,"minecraft:spruce_log":1,"jujutsukaisen:jutsushiki_gojo":2,"jujutsukaisen:uniform_leggings":1,"minecraft:dirt":92,"jujutsukaisen:blindfold_helmet":1,"jujutsukaisen:fushiguro_spawn_egg":1,"jujutsukaisen:jutsushiki_fushiguro":1,"jujutsukaisen:uniform_chestplate":1,"minecraft:cobblestone":19},"minecraft:dropped":{"jujutsukaisen:jutsu_choso":1,"jujutsukaisen:uniform_chestplate":3,"jujutsukaisen:sukuna_finger":1,"jujutsukaisen:blindfold_helmet":3,"jujutsukaisen:jujutsu_book":1,"minecraft:spruce_log":2,"jujutsukaisen:jogo_head":2,"jujutsukaisen:guiter":1,"jujutsukaisen:jutsushiki_gojo":1,"jujutsukaisen:uniform_leggings":3},"minecraft:killed":{"jujutsukaisen:centipede":1,"jujutsukaisen:jure_6":1,"jujutsukaisen:panda_2":1},"minecraft:used":{"jujutsukaisen:sukuna_spawn_egg":5,"minecraft:netherite_sword":18,"jujutsukaisen:mahito_spawn_egg":1,"jujutsukaisen:fushiguro_spawn_egg":2,"jujutsukaisen:sword_miwa":2,"jujutsukaisen:gojo_spawn_egg":3,"jujutsukaisen:kugisaki_spawn_egg":1,"jujutsukaisen:bike_spawn_egg":1,"jujutsukaisen:slaughter_demon":4,"minecraft:spruce_leaves":2,"jujutsukaisen:hammer":1,"jujutsukaisen:itadori_spawn_egg":2,"jujutsukaisen:sukuna_finger":5,"jujutsukaisen:jure_7_spawn_egg":1,"jujutsukaisen:kechizu_spawn_egg":1,"jujutsukaisen:panda_2_spawn_egg":1,"minecraft:spruce_log":1},"minecraft:killed_by":{"minecraft:player":2,"jujutsukaisen:nue":1}},"DataVersion":2586}