{"stats":{"minecraft:custom":{"minecraft:time_since_rest":1373,"minecraft:play_one_minute":14755,"minecraft:crouch_one_cm":1930,"minecraft:damage_taken":1489,"minecraft:sprint_one_cm":12026,"minecraft:deaths":5,"minecraft:walk_one_cm":34088,"minecraft:sneak_time":522,"minecraft:mob_kills":3,"minecraft:drop":5,"minecraft:damage_dealt_resisted":2227,"minecraft:jump":110,"minecraft:damage_dealt":1983,"minecraft:walk_on_water_one_cm":129,"minecraft:time_since_death":1343,"minecraft:damage_resisted":286,"minecraft:player_kills":2,"minecraft:fall_one_cm":4454,"minecraft:fly_one_cm":103677},"minecraft:picked_up":{"jujutsukaisen:blindfold_helmet":2,"jujutsukaisen:sukuna_finger":1,"jujutsukaisen:jujutsu_book":2,"jujutsukaisen:jutsu_geto":3,"jujutsukaisen:sword_2":1,"jujutsukaisen:jutsu_hanami":2,"jujutsukaisen:jutsushiki_gojo":1,"jujutsukaisen:uniform_chestplate":2,"jujutsukaisen:uniform_leggings":2},"minecraft:dropped":{"jujutsukaisen:jutsu_geto":2,"jujutsukaisen:jutsu_hanami":2,"jujutsukaisen:jutsushiki_gojo":1},"minecraft:killed":{"jujutsukaisen:sukuna":1,"jujutsukaisen:broom":1},"minecraft:used":{"jujutsukaisen:sukuna_spawn_egg":1,"jujutsukaisen:itadori_spawn_egg":1,"jujutsukaisen:sword_2":1,"jujutsukaisen:sukuna_finger":1,"jujutsukaisen:bike_spawn_egg":1,"jujutsukaisen:zenin_toji_spawn_egg":1,"jujutsukaisen:broom_spawn_egg":1},"minecraft:killed_by":{"minecraft:player":3,"jujutsukaisen:great_serpent":1}},"DataVersion":2586}