{"stats":{"minecraft:custom":{"minecraft:time_since_rest":8473,"minecraft:sprint_one_cm":33063,"minecraft:damage_taken":2097,"minecraft:walk_one_cm":87107,"minecraft:mob_kills":9,"minecraft:drop":5,"minecraft:damage_dealt":8125,"minecraft:swim_one_cm":825,"minecraft:fly_one_cm":228959,"minecraft:player_kills":2,"minecraft:crouch_one_cm":2694,"minecraft:play_one_minute":32755,"minecraft:deaths":8,"minecraft:sneak_time":756,"minecraft:walk_under_water_one_cm":239,"minecraft:jump":321,"minecraft:damage_dealt_resisted":9298,"minecraft:time_since_death":8441,"minecraft:walk_on_water_one_cm":1520,"minecraft:damage_resisted":438,"minecraft:fall_one_cm":23589},"minecraft:picked_up":{"minecraft:netherite_boots":1,"jujutsukaisen:sukuna_finger":1,"jujutsukaisen:jujutsu_book":2,"jujutsukaisen:jutsu_geto":3,"jujutsukaisen:sword_2":1,"jujutsukaisen:jutsushiki_gojo":1,"jujutsukaisen:uniform_leggings":2,"minecraft:netherite_leggings":1,"jujutsukaisen:blindfold_helmet":2,"jujutsukaisen:makora_wheel_helmet":1,"minecraft:netherite_helmet":1,"minecraft:netherite_sword":2,"jujutsukaisen:jutsu_hanami":2,"minecraft:netherite_chestplate":1,"jujutsukaisen:uniform_chestplate":2},"minecraft:dropped":{"jujutsukaisen:jutsu_geto":2,"jujutsukaisen:jutsu_hanami":2,"jujutsukaisen:jutsushiki_gojo":1},"minecraft:killed":{"jujutsukaisen:kugisaki":1,"jujutsukaisen:sukuna":1,"jujutsukaisen:broom":1,"jujutsukaisen:eso":1,"jujutsukaisen:centipede":1,"jujutsukaisen:jure_eye":1,"jujutsukaisen:kechizu":1,"jujutsukaisen:jure_9":1},"minecraft:used":{"minecraft:netherite_sword":5,"jujutsukaisen:sukuna_spawn_egg":1,"jujutsukaisen:sword_2":1,"jujutsukaisen:bike_spawn_egg":1,"jujutsukaisen:hanami_spawn_egg":1,"jujutsukaisen:jure_9_spawn_egg":1,"jujutsukaisen:jure_eye_spawn_egg":1,"jujutsukaisen:itadori_spawn_egg":1,"jujutsukaisen:eso_spawn_egg":1,"jujutsukaisen:sukuna_finger":1,"jujutsukaisen:kechizu_spawn_egg":1,"jujutsukaisen:zenin_toji_spawn_egg":1,"minecraft:enchanted_golden_apple":1,"jujutsukaisen:broom_spawn_egg":1},"minecraft:killed_by":{"minecraft:player":3,"jujutsukaisen:great_serpent":1}},"DataVersion":2586}