{
  "minecraft:recipes/misc/charcoal": {
    "criteria": {
      "has_log": "2024-07-03 19:34:00 +0000"
    },
    "done": true
  },
  "minecraft:recipes/building_blocks/spruce_planks": {
    "criteria": {
      "has_logs": "2024-07-03 19:34:00 +0000"
    },
    "done": true
  },
  "jujutsukaisen:player_skills": {
    "criteria": {
      "player_skills": "2024-07-03 19:30:19 +0000"
    },
    "done": true
  },
  "jujutsukaisen:player_ability": {
    "criteria": {
      "player_ability": "2024-07-03 19:30:19 +0000"
    },
    "done": true
  },
  "minecraft:recipes/building_blocks/spruce_wood": {
    "criteria": {
      "has_log": "2024-07-03 19:34:00 +0000"
    },
    "done": true
  },
  "minecraft:adventure/root": {
    "criteria": {
      "killed_something": "2024-07-03 19:36:07 +0000"
    },
    "done": true
  },
  "minecraft:adventure/adventuring_time": {
    "criteria": {
      "minecraft:taiga": "2024-07-03 19:30:19 +0000",
      "minecraft:beach": "2024-07-03 19:30:29 +0000",
      "minecraft:river": "2024-07-03 19:33:35 +0000",
      "minecraft:plains": "2024-07-03 19:33:36 +0000"
    },
    "done": false
  },
  "DataVersion": 2586
}