{
  "jujutsukaisen:skills_gojo": {
    "criteria": {
      "skills_gojo": "2024-07-03 20:02:34 +0000"
    },
    "done": true
  },
  "jujutsukaisen:skill_hollow_purple": {
    "criteria": {
      "skill_hollow_purple": "2024-07-03 19:55:17 +0000"
    },
    "done": true
  },
  "jujutsukaisen:skill_malevolent_shrine": {
    "criteria": {
      "skill_malevolent_shrine": "2024-07-03 20:01:45 +0000"
    },
    "done": true
  },
  "minecraft:recipes/redstone/lever": {
    "criteria": {
      "has_cobblestone": "2024-07-03 19:45:54 +0000"
    },
    "done": true
  },
  "jujutsukaisen:skill_divine_dog_totality": {
    "criteria": {
      "skill_divine_dog_totality": "2024-07-03 20:09:48 +0000"
    },
    "done": true
  },
  "minecraft:recipes/building_blocks/cobblestone_stairs_from_cobblestone_stonecutting": {
    "criteria": {
      "has_cobblestone": "2024-07-03 19:45:54 +0000"
    },
    "done": true
  },
  "minecraft:adventure/kill_a_mob": {
    "criteria": {
      "minecraft:drowned": "2024-07-03 20:11:24 +0000"
    },
    "done": true
  },
  "jujutsukaisen:skill_curse_power_operation": {
    "criteria": {
      "skill_curse_power_operation": "2024-07-03 20:01:36 +0000"
    },
    "done": true
  },
  "minecraft:story/mine_stone": {
    "criteria": {
      "get_stone": "2024-07-03 19:45:54 +0000"
    },
    "done": true
  },
  "minecraft:recipes/building_blocks/stone": {
    "criteria": {
      "has_cobblestone": "2024-07-03 19:45:54 +0000"
    },
    "done": true
  },
  "minecraft:recipes/decorations/furnace": {
    "criteria": {
      "has_cobblestone": "2024-07-03 19:45:54 +0000"
    },
    "done": true
  },
  "jujutsukaisen:skill_dismantle": {
    "criteria": {
      "skill_dismantle": "2024-07-03 20:01:45 +0000"
    },
    "done": true
  },
  "minecraft:recipes/brewing/cauldron": {
    "criteria": {
      "has_water_bucket": "2024-07-03 20:16:34 +0000"
    },
    "done": true
  },
  "minecraft:adventure/adventuring_time": {
    "criteria": {
      "minecraft:taiga": "2024-07-03 19:30:19 +0000",
      "minecraft:beach": "2024-07-03 19:30:29 +0000",
      "minecraft:river": "2024-07-03 19:33:35 +0000",
      "minecraft:plains": "2024-07-03 19:33:36 +0000"
    },
    "done": false
  },
  "minecraft:recipes/misc/charcoal": {
    "criteria": {
      "has_log": "2024-07-03 19:34:00 +0000"
    },
    "done": true
  },
  "minecraft:recipes/building_blocks/spruce_planks": {
    "criteria": {
      "has_logs": "2024-07-03 19:34:00 +0000"
    },
    "done": true
  },
  "minecraft:story/lava_bucket": {
    "criteria": {
      "lava_bucket": "2024-07-03 20:16:30 +0000"
    },
    "done": true
  },
  "minecraft:recipes/building_blocks/cobblestone_slab_from_cobblestone_stonecutting": {
    "criteria": {
      "has_cobblestone": "2024-07-03 19:45:54 +0000"
    },
    "done": true
  },
  "minecraft:husbandry/root": {
    "criteria": {
      "consumed_item": "2024-07-03 19:52:31 +0000"
    },
    "done": true
  },
  "jujutsukaisen:player_ability": {
    "criteria": {
      "player_ability": "2024-07-03 19:30:19 +0000"
    },
    "done": true
  },
  "minecraft:recipes/decorations/chest": {
    "criteria": {
      "has_lots_of_items": "2024-07-03 20:16:34 +0000"
    },
    "done": true
  },
  "minecraft:recipes/transportation/birch_boat": {
    "criteria": {
      "in_water": "2024-07-03 19:54:41 +0000"
    },
    "done": true
  },
  "minecraft:recipes/combat/stone_sword": {
    "criteria": {
      "has_cobblestone": "2024-07-03 19:45:54 +0000"
    },
    "done": true
  },
  "minecraft:recipes/decorations/cobblestone_wall": {
    "criteria": {
      "has_cobblestone": "2024-07-03 19:45:54 +0000"
    },
    "done": true
  },
  "jujutsukaisen:skills_geto": {
    "criteria": {
      "skills_geto": "2024-07-03 20:03:16 +0000"
    },
    "done": true
  },
  "minecraft:recipes/transportation/acacia_boat": {
    "criteria": {
      "in_water": "2024-07-03 19:54:41 +0000"
    },
    "done": true
  },
  "minecraft:recipes/tools/stone_pickaxe": {
    "criteria": {
      "has_cobblestone": "2024-07-03 19:45:54 +0000"
    },
    "done": true
  },
  "jujutsukaisen:player_skills": {
    "criteria": {
      "player_skills": "2024-07-03 19:30:19 +0000"
    },
    "done": true
  },
  "jujutsukaisen:skills_itadori": {
    "criteria": {
      "skills_itadori": "2024-07-03 20:01:36 +0000"
    },
    "done": true
  },
  "minecraft:recipes/building_blocks/spruce_wood": {
    "criteria": {
      "has_log": "2024-07-03 19:34:00 +0000"
    },
    "done": true
  },
  "minecraft:adventure/root": {
    "criteria": {
      "killed_something": "2024-07-03 19:36:07 +0000"
    },
    "done": true
  },
  "minecraft:recipes/transportation/jungle_boat": {
    "criteria": {
      "in_water": "2024-07-03 19:54:41 +0000"
    },
    "done": true
  },
  "minecraft:adventure/shoot_arrow": {
    "criteria": {
      "shot_arrow": "2024-07-03 20:20:00 +0000"
    },
    "done": true
  },
  "minecraft:recipes/decorations/cobblestone_wall_from_cobblestone_stonecutting": {
    "criteria": {
      "has_cobblestone": "2024-07-03 19:45:54 +0000"
    },
    "done": true
  },
  "minecraft:recipes/transportation/spruce_boat": {
    "criteria": {
      "in_water": "2024-07-03 19:54:41 +0000"
    },
    "done": true
  },
  "jujutsukaisen:skill_divine_dog": {
    "criteria": {
      "skill_divine_dog": "2024-07-03 20:04:22 +0000"
    },
    "done": true
  },
  "minecraft:nether/netherite_armor": {
    "criteria": {
      "netherite_armor": "2024-07-03 20:13:22 +0000"
    },
    "done": true
  },
  "minecraft:recipes/tools/stone_shovel": {
    "criteria": {
      "has_cobblestone": "2024-07-03 19:45:54 +0000"
    },
    "done": true
  },
  "jujutsukaisen:skill_cleave": {
    "criteria": {
      "skill_cleave": "2024-07-03 20:01:45 +0000"
    },
    "done": true
  },
  "minecraft:recipes/redstone/dispenser": {
    "criteria": {
      "has_bow": "2024-07-03 20:18:55 +0000"
    },
    "done": true
  },
  "minecraft:recipes/tools/stone_hoe": {
    "criteria": {
      "has_cobblestone": "2024-07-03 19:45:54 +0000"
    },
    "done": true
  },
  "jujutsukaisen:skills_fushiguro": {
    "criteria": {
      "skills_fushiguro": "2024-07-03 20:04:22 +0000"
    },
    "done": true
  },
  "minecraft:recipes/transportation/dark_oak_boat": {
    "criteria": {
      "in_water": "2024-07-03 19:54:41 +0000"
    },
    "done": true
  },
  "minecraft:adventure/kill_all_mobs": {
    "criteria": {
      "minecraft:drowned": "2024-07-03 20:11:24 +0000"
    },
    "done": false
  },
  "jujutsukaisen:sukunas_vessel": {
    "criteria": {
      "sukunas_vessel": "2024-07-03 20:01:45 +0000"
    },
    "done": true
  },
  "minecraft:husbandry/balanced_diet": {
    "criteria": {
      "enchanted_golden_apple": "2024-07-03 20:20:06 +0000"
    },
    "done": false
  },
  "jujutsukaisen:jujutsu_sorcerer_grade_4": {
    "criteria": {
      "jujutsu_sorcerer_grade_4": "2024-07-03 20:01:36 +0000"
    },
    "done": true
  },
  "minecraft:recipes/misc/mojang_banner_pattern": {
    "criteria": {
      "has_enchanted_golden_apple": "2024-07-03 20:16:15 +0000"
    },
    "done": true
  },
  "jujutsukaisen:skill_fire": {
    "criteria": {
      "skill_fire": "2024-07-03 20:01:45 +0000"
    },
    "done": true
  },
  "jujutsukaisen:physical_ability_lv_5": {
    "criteria": {
      "physical_ability_lv_5": "2024-07-03 19:49:36 +0000"
    },
    "done": true
  },
  "minecraft:recipes/building_blocks/cobblestone_slab": {
    "criteria": {
      "has_cobblestone": "2024-07-03 19:45:54 +0000"
    },
    "done": true
  },
  "jujutsukaisen:physical_ability_lv_1": {
    "criteria": {
      "physical_ability_lv_1": "2024-07-03 19:49:01 +0000"
    },
    "done": true
  },
  "jujutsukaisen:sukuna_finger_1": {
    "criteria": {
      "sukuna_finger_1": "2024-07-03 20:01:45 +0000"
    },
    "done": true
  },
  "jujutsukaisen:physical_ability_lv_2": {
    "criteria": {
      "physical_ability_lv_2": "2024-07-03 19:49:22 +0000"
    },
    "done": true
  },
  "jujutsukaisen:sukuna_finger_2": {
    "criteria": {
      "sukuna_finger_2": "2024-07-03 20:02:07 +0000"
    },
    "done": true
  },
  "jujutsukaisen:physical_ability_lv_3": {
    "criteria": {
      "physical_ability_lv_3": "2024-07-03 19:49:22 +0000"
    },
    "done": true
  },
  "jujutsukaisen:physical_ability_lv_4": {
    "criteria": {
      "physical_ability_lv_4": "2024-07-03 19:49:22 +0000"
    },
    "done": true
  },
  "minecraft:recipes/building_blocks/cobblestone_stairs": {
    "criteria": {
      "has_cobblestone": "2024-07-03 19:45:54 +0000"
    },
    "done": true
  },
  "minecraft:adventure/totem_of_undying": {
    "criteria": {
      "used_totem": "2024-07-03 20:20:02 +0000"
    },
    "done": true
  },
  "minecraft:recipes/transportation/oak_boat": {
    "criteria": {
      "in_water": "2024-07-03 19:54:41 +0000"
    },
    "done": true
  },
  "minecraft:recipes/tools/stone_axe": {
    "criteria": {
      "has_cobblestone": "2024-07-03 19:45:54 +0000"
    },
    "done": true
  },
  "jujutsukaisen:reverse_cursed_technique_lv_1": {
    "criteria": {
      "reverse_cursed_technique_lv_1": "2024-07-03 20:20:02 +0000"
    },
    "done": true
  },
  "jujutsukaisen:reverse_cursed_technique_lv_2": {
    "criteria": {
      "reverse_cursed_technique_lv_2": "2024-07-03 20:20:02 +0000"
    },
    "done": true
  },
  "minecraft:husbandry/tame_an_animal": {
    "criteria": {
      "tamed_animal": "2024-07-03 19:46:58 +0000"
    },
    "done": true
  },
  "DataVersion": 2586
}