{
  "jujutsukaisen:player_skills": {
    "criteria": {
      "player_skills": "2024-07-03 19:52:54 +0000"
    },
    "done": true
  },
  "jujutsukaisen:player_ability": {
    "criteria": {
      "player_ability": "2024-07-03 19:52:54 +0000"
    },
    "done": true
  },
  "jujutsukaisen:physical_ability_lv_1": {
    "criteria": {
      "physical_ability_lv_1": "2024-07-03 19:55:09 +0000"
    },
    "done": true
  },
  "jujutsukaisen:physical_ability_lv_2": {
    "criteria": {
      "physical_ability_lv_2": "2024-07-03 19:55:11 +0000"
    },
    "done": true
  },
  "minecraft:adventure/adventuring_time": {
    "criteria": {
      "minecraft:cold_ocean": "2024-07-03 19:54:04 +0000",
      "minecraft:taiga": "2024-07-03 19:53:02 +0000",
      "minecraft:beach": "2024-07-03 19:52:54 +0000",
      "minecraft:river": "2024-07-03 19:53:54 +0000",
      "minecraft:plains": "2024-07-03 19:53:36 +0000"
    },
    "done": false
  },
  "DataVersion": 2586
}