{
  "jujutsukaisen:skill_hollow_purple": {
    "criteria": {
      "skill_hollow_purple": "2024-07-03 19:55:17 +0000"
    },
    "done": true
  },
  "jujutsukaisen:skills_fushiguro": {
    "criteria": {
      "skills_fushiguro": "2024-07-03 20:02:13 +0000"
    },
    "done": true
  },
  "minecraft:recipes/transportation/dark_oak_boat": {
    "criteria": {
      "in_water": "2024-07-03 20:00:27 +0000"
    },
    "done": true
  },
  "jujutsukaisen:skill_divine_dog_totality": {
    "criteria": {
      "skill_divine_dog_totality": "2024-07-03 20:02:46 +0000"
    },
    "done": true
  },
  "jujutsukaisen:skill_curse_power_operation": {
    "criteria": {
      "skill_curse_power_operation": "2024-07-03 20:02:13 +0000"
    },
    "done": true
  },
  "jujutsukaisen:jujutsu_sorcerer_grade_4": {
    "criteria": {
      "jujutsu_sorcerer_grade_4": "2024-07-03 20:02:13 +0000"
    },
    "done": true
  },
  "jujutsukaisen:physical_ability_lv_5": {
    "criteria": {
      "physical_ability_lv_5": "2024-07-03 19:55:15 +0000"
    },
    "done": true
  },
  "jujutsukaisen:physical_ability_lv_1": {
    "criteria": {
      "physical_ability_lv_1": "2024-07-03 19:55:09 +0000"
    },
    "done": true
  },
  "jujutsukaisen:physical_ability_lv_2": {
    "criteria": {
      "physical_ability_lv_2": "2024-07-03 19:55:11 +0000"
    },
    "done": true
  },
  "jujutsukaisen:physical_ability_lv_3": {
    "criteria": {
      "physical_ability_lv_3": "2024-07-03 19:55:12 +0000"
    },
    "done": true
  },
  "minecraft:adventure/adventuring_time": {
    "criteria": {
      "minecraft:cold_ocean": "2024-07-03 19:54:04 +0000",
      "minecraft:taiga": "2024-07-03 19:53:02 +0000",
      "minecraft:beach": "2024-07-03 19:52:54 +0000",
      "minecraft:river": "2024-07-03 19:53:54 +0000",
      "minecraft:plains": "2024-07-03 19:53:36 +0000"
    },
    "done": false
  },
  "jujutsukaisen:physical_ability_lv_4": {
    "criteria": {
      "physical_ability_lv_4": "2024-07-03 19:55:14 +0000"
    },
    "done": true
  },
  "minecraft:husbandry/root": {
    "criteria": {
      "consumed_item": "2024-07-03 20:01:25 +0000"
    },
    "done": true
  },
  "jujutsukaisen:player_ability": {
    "criteria": {
      "player_ability": "2024-07-03 19:52:54 +0000"
    },
    "done": true
  },
  "minecraft:recipes/decorations/chest": {
    "criteria": {
      "has_lots_of_items": "2024-07-03 19:56:38 +0000"
    },
    "done": true
  },
  "minecraft:recipes/transportation/birch_boat": {
    "criteria": {
      "in_water": "2024-07-03 20:00:27 +0000"
    },
    "done": true
  },
  "jujutsukaisen:skills_geto": {
    "criteria": {
      "skills_geto": "2024-07-03 20:03:40 +0000"
    },
    "done": true
  },
  "minecraft:recipes/transportation/acacia_boat": {
    "criteria": {
      "in_water": "2024-07-03 20:00:27 +0000"
    },
    "done": true
  },
  "minecraft:recipes/transportation/oak_boat": {
    "criteria": {
      "in_water": "2024-07-03 20:00:27 +0000"
    },
    "done": true
  },
  "jujutsukaisen:player_skills": {
    "criteria": {
      "player_skills": "2024-07-03 19:52:54 +0000"
    },
    "done": true
  },
  "minecraft:adventure/root": {
    "criteria": {
      "killed_something": "2024-07-03 19:58:15 +0000"
    },
    "done": true
  },
  "minecraft:recipes/transportation/jungle_boat": {
    "criteria": {
      "in_water": "2024-07-03 20:00:27 +0000"
    },
    "done": true
  },
  "minecraft:recipes/transportation/spruce_boat": {
    "criteria": {
      "in_water": "2024-07-03 20:00:27 +0000"
    },
    "done": true
  },
  "minecraft:husbandry/tame_an_animal": {
    "criteria": {
      "tamed_animal": "2024-07-03 19:57:42 +0000"
    },
    "done": true
  },
  "jujutsukaisen:skill_divine_dog": {
    "criteria": {
      "skill_divine_dog": "2024-07-03 20:02:13 +0000"
    },
    "done": true
  },
  "DataVersion": 2586
}